cluster,min_fridge_id,min_fridge_cost,mean_weekly_volume_sold,mean_weekly_earning,nfridges,tot_freezer_capacity,ROI,item_sales_ratio
0,M005,35000.0,1469.319955406912,1187665.2731326646,10.0,1500.0,33.933293518076134,0.9795466369379413
1,M005,10500.0,436.8923913043478,484997.2101449275,3.0,450.0,46.19021048999309,0.9708719806763285
2,M010,13500.0,598.9125393081762,376031.2971698113,3.0,600.0,27.854170160726763,0.998187565513627
3,M005,52500.0,2207.2461904761903,1742291.261904762,15.0,2250.0,33.18650022675737,0.9809983068783068
